--
-- PostgreSQL database dump
--

\restrict DwGSBhEHAfk70pfTgTvIE9lHfDej8vDdH9WlXxq5Sogqv4JHru5hafYYbP3yI67

-- Dumped from database version 18.4
-- Dumped by pg_dump version 18.3

-- Started on 2026-05-26 20:49:39

SET statement_timeout = 0;
SET lock_timeout = 0;
SET idle_in_transaction_session_timeout = 0;
SET transaction_timeout = 0;
SET client_encoding = 'UTF8';
SET standard_conforming_strings = on;
SELECT pg_catalog.set_config('search_path', '', false);
SET check_function_bodies = false;
SET xmloption = content;
SET client_min_messages = warning;
SET row_security = off;

SET default_tablespace = '';

SET default_table_access_method = heap;

--
-- TOC entry 228 (class 1259 OID 49217)
-- Name: categories; Type: TABLE; Schema: public; Owner: postgres
--

CREATE TABLE public.categories (
    category_id integer NOT NULL,
    category_name character varying(100) NOT NULL
);


ALTER TABLE public.categories OWNER TO postgres;

--
-- TOC entry 227 (class 1259 OID 49216)
-- Name: categories_category_id_seq; Type: SEQUENCE; Schema: public; Owner: postgres
--

CREATE SEQUENCE public.categories_category_id_seq
    AS integer
    START WITH 1
    INCREMENT BY 1
    NO MINVALUE
    NO MAXVALUE
    CACHE 1;


ALTER SEQUENCE public.categories_category_id_seq OWNER TO postgres;

--
-- TOC entry 5125 (class 0 OID 0)
-- Dependencies: 227
-- Name: categories_category_id_seq; Type: SEQUENCE OWNED BY; Schema: public; Owner: postgres
--

ALTER SEQUENCE public.categories_category_id_seq OWNED BY public.categories.category_id;


--
-- TOC entry 226 (class 1259 OID 49206)
-- Name: manufacturers; Type: TABLE; Schema: public; Owner: postgres
--

CREATE TABLE public.manufacturers (
    manufacturer_id integer NOT NULL,
    manufacturer_name character varying(100) NOT NULL
);


ALTER TABLE public.manufacturers OWNER TO postgres;

--
-- TOC entry 225 (class 1259 OID 49205)
-- Name: manufacturers_manufacturer_id_seq; Type: SEQUENCE; Schema: public; Owner: postgres
--

CREATE SEQUENCE public.manufacturers_manufacturer_id_seq
    AS integer
    START WITH 1
    INCREMENT BY 1
    NO MINVALUE
    NO MAXVALUE
    CACHE 1;


ALTER SEQUENCE public.manufacturers_manufacturer_id_seq OWNER TO postgres;

--
-- TOC entry 5126 (class 0 OID 0)
-- Dependencies: 225
-- Name: manufacturers_manufacturer_id_seq; Type: SEQUENCE OWNED BY; Schema: public; Owner: postgres
--

ALTER SEQUENCE public.manufacturers_manufacturer_id_seq OWNED BY public.manufacturers.manufacturer_id;


--
-- TOC entry 238 (class 1259 OID 49304)
-- Name: order_products; Type: TABLE; Schema: public; Owner: postgres
--

CREATE TABLE public.order_products (
    order_product_id integer NOT NULL,
    order_id integer NOT NULL,
    product_id integer NOT NULL,
    quantity integer NOT NULL
);


ALTER TABLE public.order_products OWNER TO postgres;

--
-- TOC entry 237 (class 1259 OID 49303)
-- Name: order_products_order_product_id_seq; Type: SEQUENCE; Schema: public; Owner: postgres
--

CREATE SEQUENCE public.order_products_order_product_id_seq
    AS integer
    START WITH 1
    INCREMENT BY 1
    NO MINVALUE
    NO MAXVALUE
    CACHE 1;


ALTER SEQUENCE public.order_products_order_product_id_seq OWNER TO postgres;

--
-- TOC entry 5127 (class 0 OID 0)
-- Dependencies: 237
-- Name: order_products_order_product_id_seq; Type: SEQUENCE OWNED BY; Schema: public; Owner: postgres
--

ALTER SEQUENCE public.order_products_order_product_id_seq OWNED BY public.order_products.order_product_id;


--
-- TOC entry 234 (class 1259 OID 49272)
-- Name: order_statuses; Type: TABLE; Schema: public; Owner: postgres
--

CREATE TABLE public.order_statuses (
    order_status_id integer NOT NULL,
    order_status_name character varying(100) NOT NULL
);


ALTER TABLE public.order_statuses OWNER TO postgres;

--
-- TOC entry 233 (class 1259 OID 49271)
-- Name: order_statuses_order_status_id_seq; Type: SEQUENCE; Schema: public; Owner: postgres
--

CREATE SEQUENCE public.order_statuses_order_status_id_seq
    AS integer
    START WITH 1
    INCREMENT BY 1
    NO MINVALUE
    NO MAXVALUE
    CACHE 1;


ALTER SEQUENCE public.order_statuses_order_status_id_seq OWNER TO postgres;

--
-- TOC entry 5128 (class 0 OID 0)
-- Dependencies: 233
-- Name: order_statuses_order_status_id_seq; Type: SEQUENCE OWNED BY; Schema: public; Owner: postgres
--

ALTER SEQUENCE public.order_statuses_order_status_id_seq OWNED BY public.order_statuses.order_status_id;


--
-- TOC entry 236 (class 1259 OID 49283)
-- Name: orders; Type: TABLE; Schema: public; Owner: postgres
--

CREATE TABLE public.orders (
    order_id integer NOT NULL,
    order_date date,
    issue_date date,
    pickup_point_id integer NOT NULL,
    code integer,
    order_status_id integer NOT NULL,
    fio character varying(255)
);


ALTER TABLE public.orders OWNER TO postgres;

--
-- TOC entry 235 (class 1259 OID 49282)
-- Name: orders_order_id_seq; Type: SEQUENCE; Schema: public; Owner: postgres
--

CREATE SEQUENCE public.orders_order_id_seq
    AS integer
    START WITH 1
    INCREMENT BY 1
    NO MINVALUE
    NO MAXVALUE
    CACHE 1;


ALTER SEQUENCE public.orders_order_id_seq OWNER TO postgres;

--
-- TOC entry 5129 (class 0 OID 0)
-- Dependencies: 235
-- Name: orders_order_id_seq; Type: SEQUENCE OWNED BY; Schema: public; Owner: postgres
--

ALTER SEQUENCE public.orders_order_id_seq OWNED BY public.orders.order_id;


--
-- TOC entry 232 (class 1259 OID 49262)
-- Name: pickup_points; Type: TABLE; Schema: public; Owner: postgres
--

CREATE TABLE public.pickup_points (
    pickup_point_id integer NOT NULL,
    address text
);


ALTER TABLE public.pickup_points OWNER TO postgres;

--
-- TOC entry 231 (class 1259 OID 49261)
-- Name: pickup_points_pickup_point_id_seq; Type: SEQUENCE; Schema: public; Owner: postgres
--

CREATE SEQUENCE public.pickup_points_pickup_point_id_seq
    AS integer
    START WITH 1
    INCREMENT BY 1
    NO MINVALUE
    NO MAXVALUE
    CACHE 1;


ALTER SEQUENCE public.pickup_points_pickup_point_id_seq OWNER TO postgres;

--
-- TOC entry 5130 (class 0 OID 0)
-- Dependencies: 231
-- Name: pickup_points_pickup_point_id_seq; Type: SEQUENCE OWNED BY; Schema: public; Owner: postgres
--

ALTER SEQUENCE public.pickup_points_pickup_point_id_seq OWNED BY public.pickup_points.pickup_point_id;


--
-- TOC entry 230 (class 1259 OID 49228)
-- Name: products; Type: TABLE; Schema: public; Owner: postgres
--

CREATE TABLE public.products (
    product_id integer NOT NULL,
    article character varying(50) NOT NULL,
    product_name character varying(200),
    unit character varying(20) NOT NULL,
    supplier_id integer NOT NULL,
    manufacturer_id integer NOT NULL,
    category_id integer NOT NULL,
    discount integer NOT NULL,
    quantity integer NOT NULL,
    description text,
    image_path character varying(255),
    price numeric(10,2) NOT NULL
);


ALTER TABLE public.products OWNER TO postgres;

--
-- TOC entry 229 (class 1259 OID 49227)
-- Name: products_product_id_seq; Type: SEQUENCE; Schema: public; Owner: postgres
--

CREATE SEQUENCE public.products_product_id_seq
    AS integer
    START WITH 1
    INCREMENT BY 1
    NO MINVALUE
    NO MAXVALUE
    CACHE 1;


ALTER SEQUENCE public.products_product_id_seq OWNER TO postgres;

--
-- TOC entry 5131 (class 0 OID 0)
-- Dependencies: 229
-- Name: products_product_id_seq; Type: SEQUENCE OWNED BY; Schema: public; Owner: postgres
--

ALTER SEQUENCE public.products_product_id_seq OWNED BY public.products.product_id;


--
-- TOC entry 220 (class 1259 OID 49165)
-- Name: roles; Type: TABLE; Schema: public; Owner: postgres
--

CREATE TABLE public.roles (
    role_id integer NOT NULL,
    role_name character varying(50) NOT NULL
);


ALTER TABLE public.roles OWNER TO postgres;

--
-- TOC entry 219 (class 1259 OID 49164)
-- Name: roles_role_id_seq; Type: SEQUENCE; Schema: public; Owner: postgres
--

CREATE SEQUENCE public.roles_role_id_seq
    AS integer
    START WITH 1
    INCREMENT BY 1
    NO MINVALUE
    NO MAXVALUE
    CACHE 1;


ALTER SEQUENCE public.roles_role_id_seq OWNER TO postgres;

--
-- TOC entry 5132 (class 0 OID 0)
-- Dependencies: 219
-- Name: roles_role_id_seq; Type: SEQUENCE OWNED BY; Schema: public; Owner: postgres
--

ALTER SEQUENCE public.roles_role_id_seq OWNED BY public.roles.role_id;


--
-- TOC entry 224 (class 1259 OID 49195)
-- Name: suppliers; Type: TABLE; Schema: public; Owner: postgres
--

CREATE TABLE public.suppliers (
    supplier_id integer NOT NULL,
    supplier_name character varying(100) NOT NULL
);


ALTER TABLE public.suppliers OWNER TO postgres;

--
-- TOC entry 223 (class 1259 OID 49194)
-- Name: suppliers_supplier_id_seq; Type: SEQUENCE; Schema: public; Owner: postgres
--

CREATE SEQUENCE public.suppliers_supplier_id_seq
    AS integer
    START WITH 1
    INCREMENT BY 1
    NO MINVALUE
    NO MAXVALUE
    CACHE 1;


ALTER SEQUENCE public.suppliers_supplier_id_seq OWNER TO postgres;

--
-- TOC entry 5133 (class 0 OID 0)
-- Dependencies: 223
-- Name: suppliers_supplier_id_seq; Type: SEQUENCE OWNED BY; Schema: public; Owner: postgres
--

ALTER SEQUENCE public.suppliers_supplier_id_seq OWNED BY public.suppliers.supplier_id;


--
-- TOC entry 222 (class 1259 OID 49174)
-- Name: users; Type: TABLE; Schema: public; Owner: postgres
--

CREATE TABLE public.users (
    user_id integer NOT NULL,
    role_id integer NOT NULL,
    fio character varying(255) NOT NULL,
    login character varying(100) NOT NULL,
    password character varying(100) NOT NULL
);


ALTER TABLE public.users OWNER TO postgres;

--
-- TOC entry 221 (class 1259 OID 49173)
-- Name: users_user_id_seq; Type: SEQUENCE; Schema: public; Owner: postgres
--

CREATE SEQUENCE public.users_user_id_seq
    AS integer
    START WITH 1
    INCREMENT BY 1
    NO MINVALUE
    NO MAXVALUE
    CACHE 1;


ALTER SEQUENCE public.users_user_id_seq OWNER TO postgres;

--
-- TOC entry 5134 (class 0 OID 0)
-- Dependencies: 221
-- Name: users_user_id_seq; Type: SEQUENCE OWNED BY; Schema: public; Owner: postgres
--

ALTER SEQUENCE public.users_user_id_seq OWNED BY public.users.user_id;


--
-- TOC entry 4905 (class 2604 OID 49220)
-- Name: categories category_id; Type: DEFAULT; Schema: public; Owner: postgres
--

ALTER TABLE ONLY public.categories ALTER COLUMN category_id SET DEFAULT nextval('public.categories_category_id_seq'::regclass);


--
-- TOC entry 4904 (class 2604 OID 49209)
-- Name: manufacturers manufacturer_id; Type: DEFAULT; Schema: public; Owner: postgres
--

ALTER TABLE ONLY public.manufacturers ALTER COLUMN manufacturer_id SET DEFAULT nextval('public.manufacturers_manufacturer_id_seq'::regclass);


--
-- TOC entry 4910 (class 2604 OID 49307)
-- Name: order_products order_product_id; Type: DEFAULT; Schema: public; Owner: postgres
--

ALTER TABLE ONLY public.order_products ALTER COLUMN order_product_id SET DEFAULT nextval('public.order_products_order_product_id_seq'::regclass);


--
-- TOC entry 4908 (class 2604 OID 49275)
-- Name: order_statuses order_status_id; Type: DEFAULT; Schema: public; Owner: postgres
--

ALTER TABLE ONLY public.order_statuses ALTER COLUMN order_status_id SET DEFAULT nextval('public.order_statuses_order_status_id_seq'::regclass);


--
-- TOC entry 4909 (class 2604 OID 49286)
-- Name: orders order_id; Type: DEFAULT; Schema: public; Owner: postgres
--

ALTER TABLE ONLY public.orders ALTER COLUMN order_id SET DEFAULT nextval('public.orders_order_id_seq'::regclass);


--
-- TOC entry 4907 (class 2604 OID 49265)
-- Name: pickup_points pickup_point_id; Type: DEFAULT; Schema: public; Owner: postgres
--

ALTER TABLE ONLY public.pickup_points ALTER COLUMN pickup_point_id SET DEFAULT nextval('public.pickup_points_pickup_point_id_seq'::regclass);


--
-- TOC entry 4906 (class 2604 OID 49231)
-- Name: products product_id; Type: DEFAULT; Schema: public; Owner: postgres
--

ALTER TABLE ONLY public.products ALTER COLUMN product_id SET DEFAULT nextval('public.products_product_id_seq'::regclass);


--
-- TOC entry 4901 (class 2604 OID 49168)
-- Name: roles role_id; Type: DEFAULT; Schema: public; Owner: postgres
--

ALTER TABLE ONLY public.roles ALTER COLUMN role_id SET DEFAULT nextval('public.roles_role_id_seq'::regclass);


--
-- TOC entry 4903 (class 2604 OID 49198)
-- Name: suppliers supplier_id; Type: DEFAULT; Schema: public; Owner: postgres
--

ALTER TABLE ONLY public.suppliers ALTER COLUMN supplier_id SET DEFAULT nextval('public.suppliers_supplier_id_seq'::regclass);


--
-- TOC entry 4902 (class 2604 OID 49177)
-- Name: users user_id; Type: DEFAULT; Schema: public; Owner: postgres
--

ALTER TABLE ONLY public.users ALTER COLUMN user_id SET DEFAULT nextval('public.users_user_id_seq'::regclass);


--
-- TOC entry 5109 (class 0 OID 49217)
-- Dependencies: 228
-- Data for Name: categories; Type: TABLE DATA; Schema: public; Owner: postgres
--

COPY public.categories (category_id, category_name) FROM stdin;
1	Женская обувь
2	Мужская обувь
\.


--
-- TOC entry 5107 (class 0 OID 49206)
-- Dependencies: 226
-- Data for Name: manufacturers; Type: TABLE DATA; Schema: public; Owner: postgres
--

COPY public.manufacturers (manufacturer_id, manufacturer_name) FROM stdin;
1	Kari
2	Marco Tozzi
3	Рос
4	Rieker
5	Alessio Nesca
6	CROSBY
\.


--
-- TOC entry 5119 (class 0 OID 49304)
-- Dependencies: 238
-- Data for Name: order_products; Type: TABLE DATA; Schema: public; Owner: postgres
--

COPY public.order_products (order_product_id, order_id, product_id, quantity) FROM stdin;
1	1	1	2
2	2	3	1
3	3	5	10
4	4	7	5
5	5	1	2
6	6	3	1
7	7	5	10
8	8	7	5
9	9	9	5
10	10	11	5
11	1	2	2
12	2	4	1
13	3	6	10
14	4	8	4
15	5	2	2
16	6	4	1
17	7	6	10
18	8	8	4
19	9	10	1
20	10	12	5
\.


--
-- TOC entry 5115 (class 0 OID 49272)
-- Dependencies: 234
-- Data for Name: order_statuses; Type: TABLE DATA; Schema: public; Owner: postgres
--

COPY public.order_statuses (order_status_id, order_status_name) FROM stdin;
1	Завершен
2	Новый 
\.


--
-- TOC entry 5117 (class 0 OID 49283)
-- Dependencies: 236
-- Data for Name: orders; Type: TABLE DATA; Schema: public; Owner: postgres
--

COPY public.orders (order_id, order_date, issue_date, pickup_point_id, code, order_status_id, fio) FROM stdin;
1	2025-02-27	2025-04-20	1	901	1	Степанов Михаил Артёмович
2	2022-09-28	2025-04-21	11	902	1	Никифорова Весения Николаевна
3	2025-03-21	2025-04-22	2	903	1	Сазонов Руслан Германович
4	2025-02-20	2025-04-23	11	904	1	Одинцов Серафим Артёмович
5	2025-03-17	2025-04-24	2	905	1	Степанов Михаил Артёмович
6	2025-03-01	2025-04-25	15	906	1	Никифорова Весения Николаевна
7	2025-02-27	2025-04-26	3	907	1	Сазонов Руслан Германович
8	2025-03-31	2025-04-27	19	908	2	Одинцов Серафим Артёмович
9	2025-04-02	2025-04-28	5	909	2	Степанов Михаил Артёмович
10	2025-04-03	2025-04-29	19	910	2	Степанов Михаил Артёмович
\.


--
-- TOC entry 5113 (class 0 OID 49262)
-- Dependencies: 232
-- Data for Name: pickup_points; Type: TABLE DATA; Schema: public; Owner: postgres
--

COPY public.pickup_points (pickup_point_id, address) FROM stdin;
1	420151, г. Лесной, ул. Вишневая, 32
2	125061, г. Лесной, ул. Подгорная, 8
3	630370, г. Лесной, ул. Шоссейная, 24
4	400562, г. Лесной, ул. Зеленая, 32
5	614510, г. Лесной, ул. Маяковского, 47
6	410542, г. Лесной, ул. Светлая, 46
7	620839, г. Лесной, ул. Цветочная, 8
8	443890, г. Лесной, ул. Коммунистическая, 1
9	603379, г. Лесной, ул. Спортивная, 46
10	603721, г. Лесной, ул. Гоголя, 41
11	410172, г. Лесной, ул. Северная, 13
12	614611, г. Лесной, ул. Молодежная, 50
13	454311, г.Лесной, ул. Новая, 19
14	660007, г.Лесной, ул. Октябрьская, 19
15	603036, г. Лесной, ул. Садовая, 4
16	394060, г.Лесной, ул. Фрунзе, 43
17	410661, г. Лесной, ул. Школьная, 50
18	625590, г. Лесной, ул. Коммунистическая, 20
19	625683, г. Лесной, ул. 8 Марта
20	450983, г.Лесной, ул. Комсомольская, 26
21	394782, г. Лесной, ул. Чехова, 3
22	603002, г. Лесной, ул. Дзержинского, 28
23	450558, г. Лесной, ул. Набережная, 30
24	344288, г. Лесной, ул. Чехова, 1
25	614164, г.Лесной,  ул. Степная, 30
26	394242, г. Лесной, ул. Коммунистическая, 43
27	660540, г. Лесной, ул. Солнечная, 25
28	125837, г. Лесной, ул. Шоссейная, 40
29	125703, г. Лесной, ул. Партизанская, 49
30	625283, г. Лесной, ул. Победы, 46
31	614753, г. Лесной, ул. Полевая, 35
32	426030, г. Лесной, ул. Маяковского, 44
33	450375, г. Лесной ул. Клубная, 44
34	625560, г. Лесной, ул. Некрасова, 12
35	630201, г. Лесной, ул. Комсомольская, 17
36	190949, г. Лесной, ул. Мичурина, 26
\.


--
-- TOC entry 5111 (class 0 OID 49228)
-- Dependencies: 230
-- Data for Name: products; Type: TABLE DATA; Schema: public; Owner: postgres
--

COPY public.products (product_id, article, product_name, unit, supplier_id, manufacturer_id, category_id, discount, quantity, description, image_path, price) FROM stdin;
1	А112Т4	Ботинки	шт.	1	1	1	3	6	Женские Ботинки демисезонные kari	images/1.jpg	4990.00
2	F635R4	Ботинки	шт.	2	2	1	2	13	Ботинки Marco Tozzi женские демисезонные, размер 39, цвет бежевый	images/2.jpg	3244.00
3	H782T5	Туфли	шт.	1	1	2	4	5	Туфли kari мужские классика MYZ21AW-450A, размер 43, цвет: черный	images/3.jpg	4499.00
4	G783F5	Ботинки	шт.	1	3	2	2	8	Мужские ботинки Рос-Обувь кожаные с натуральным мехом	images/4.jpg	5900.00
5	J384T6	Ботинки	шт.	2	4	2	2	16	B3430/14 Полуботинки мужские Rieker	images/5.jpg	3800.00
6	D572U8	Кроссовки	шт.	2	3	2	3	6	129615-4 Кроссовки мужские	images/6.jpg	4100.00
7	F572H7	Туфли	шт.	1	2	1	2	14	Туфли Marco Tozzi женские летние, размер 39, цвет черный	images/7.jpg	2700.00
8	D329H3	Полуботинки	шт.	2	5	1	4	4	Полуботинки Alessio Nesca женские 3-30797-47, размер 37, цвет: бордовый	images/8.jpg	1890.00
9	B320R5	Туфли	шт.	1	4	1	2	6	Туфли Rieker женские демисезонные, размер 41, цвет коричневый	images/9.jpg	4300.00
10	G432E4	Туфли	шт.	1	1	1	3	15	Туфли kari женские TR-YR-413017, размер 37, цвет: черный	images/10.jpg	2800.00
11	S213E3	Полуботинки	шт.	2	6	2	3	6	407700/01-01 Полуботинки мужские CROSBY		2156.00
12	E482R4	Полуботинки	шт.	1	1	1	2	14	Полуботинки kari женские MYZ20S-149, размер 41, цвет: черный		1800.00
13	S634B5	Кеды	шт.	2	6	2	3	0	Кеды Caprice мужские демисезонные, размер 42, цвет черный		5500.00
14	K345R4	Полуботинки	шт.	2	6	2	2	3	407700/01-02 Полуботинки мужские CROSBY		2100.00
15	O754F4	Туфли	шт.	2	4	1	4	18	Туфли женские демисезонные Rieker артикул 55073-68/37		5400.00
16	G531F4	Ботинки	шт.	1	1	1	12	9	Ботинки женские зимние ROMER арт. 893167-01 Черный		6600.00
17	J542F5	Тапочки	шт.	1	1	2	13	0	Тапочки мужские Арт.70701-55-67син р.41		500.00
18	B431R5	Ботинки	шт.	2	4	2	2	5	Мужские кожаные ботинки/мужские ботинки		2700.00
19	P764G4	Туфли	шт.	1	6	1	15	15	Туфли женские, ARGO, размер 38		6800.00
20	C436G5	Ботинки	шт.	1	5	1	15	9	Ботинки женские, ARGO, размер 40		10200.00
21	F427R5	Ботинки	шт.	2	4	1	15	11	Ботинки на молнии с декоративной пряжкой FRAU		11800.00
22	N457T5	Полуботинки	шт.	1	6	1	3	13	Полуботинки Ботинки черные зимние, мех		4600.00
23	D364R4	Туфли	шт.	1	1	1	16	5	Туфли Luiza Belly женские Kate-lazo черные из натуральной замши		12400.00
24	S326R5	Тапочки	шт.	2	6	2	17	15	Мужские кожаные тапочки "Профиль С.Дали" 		9900.00
25	L754R4	Полуботинки	шт.	1	1	1	2	7	Полуботинки kari женские WB2020SS-26, размер 38, цвет: черный		1700.00
26	M542T5	Кроссовки	шт.	2	4	2	18	3	Кроссовки мужские TOFA		2800.00
27	D268G5	Туфли	шт.	2	4	1	3	12	Туфли Rieker женские демисезонные, размер 36, цвет коричневый		4399.00
28	T324F5	Сапоги	шт.	1	6	1	2	5	Сапоги замша Цвет: синий		4699.00
29	K358H6	Тапочки	шт.	1	4	2	20	2	Тапочки мужские син р.41		599.00
30	H535R5	Ботинки	шт.	2	4	1	2	7	Женские Ботинки демисезонные		2300.00
\.


--
-- TOC entry 5101 (class 0 OID 49165)
-- Dependencies: 220
-- Data for Name: roles; Type: TABLE DATA; Schema: public; Owner: postgres
--

COPY public.roles (role_id, role_name) FROM stdin;
1	Администратор
2	Менеджер
3	Авторизированный клиент
\.


--
-- TOC entry 5105 (class 0 OID 49195)
-- Dependencies: 224
-- Data for Name: suppliers; Type: TABLE DATA; Schema: public; Owner: postgres
--

COPY public.suppliers (supplier_id, supplier_name) FROM stdin;
1	Kari
2	Обувь для вас
\.


--
-- TOC entry 5103 (class 0 OID 49174)
-- Dependencies: 222
-- Data for Name: users; Type: TABLE DATA; Schema: public; Owner: postgres
--

COPY public.users (user_id, role_id, fio, login, password) FROM stdin;
1	1	Никифорова Весения Николаевна	94d5ous@gmail.com	uzWC67
2	1	Сазонов Руслан Германович	uth4iz@mail.com	2L6KZG
3	1	Одинцов Серафим Артёмович	yzls62@outlook.com	JlFRCZ
4	2	Степанов Михаил Артёмович	1diph5e@tutanota.com	8ntwUp
5	2	Ворсин Петр Евгеньевич	tjde7c@yahoo.com	YOyhfR
6	2	Старикова Елена Павловна	wpmrc3do@tutanota.com	RSbvHv
7	3	Михайлюк Анна Вячеславовна	5d4zbu@tutanota.com	rwVDh9
8	3	Ситдикова Елена Анатольевна	ptec8ym@yahoo.com	LdNyos
9	3	Ворсин Петр Евгеньевич	1qz4kw@mail.com	gynQMT
10	3	Старикова Елена Павловна	4np6se@mail.com	AtnDjr
\.


--
-- TOC entry 5135 (class 0 OID 0)
-- Dependencies: 227
-- Name: categories_category_id_seq; Type: SEQUENCE SET; Schema: public; Owner: postgres
--

SELECT pg_catalog.setval('public.categories_category_id_seq', 2, true);


--
-- TOC entry 5136 (class 0 OID 0)
-- Dependencies: 225
-- Name: manufacturers_manufacturer_id_seq; Type: SEQUENCE SET; Schema: public; Owner: postgres
--

SELECT pg_catalog.setval('public.manufacturers_manufacturer_id_seq', 6, true);


--
-- TOC entry 5137 (class 0 OID 0)
-- Dependencies: 237
-- Name: order_products_order_product_id_seq; Type: SEQUENCE SET; Schema: public; Owner: postgres
--

SELECT pg_catalog.setval('public.order_products_order_product_id_seq', 20, true);


--
-- TOC entry 5138 (class 0 OID 0)
-- Dependencies: 233
-- Name: order_statuses_order_status_id_seq; Type: SEQUENCE SET; Schema: public; Owner: postgres
--

SELECT pg_catalog.setval('public.order_statuses_order_status_id_seq', 2, true);


--
-- TOC entry 5139 (class 0 OID 0)
-- Dependencies: 235
-- Name: orders_order_id_seq; Type: SEQUENCE SET; Schema: public; Owner: postgres
--

SELECT pg_catalog.setval('public.orders_order_id_seq', 10, true);


--
-- TOC entry 5140 (class 0 OID 0)
-- Dependencies: 231
-- Name: pickup_points_pickup_point_id_seq; Type: SEQUENCE SET; Schema: public; Owner: postgres
--

SELECT pg_catalog.setval('public.pickup_points_pickup_point_id_seq', 36, true);


--
-- TOC entry 5141 (class 0 OID 0)
-- Dependencies: 229
-- Name: products_product_id_seq; Type: SEQUENCE SET; Schema: public; Owner: postgres
--

SELECT pg_catalog.setval('public.products_product_id_seq', 30, true);


--
-- TOC entry 5142 (class 0 OID 0)
-- Dependencies: 219
-- Name: roles_role_id_seq; Type: SEQUENCE SET; Schema: public; Owner: postgres
--

SELECT pg_catalog.setval('public.roles_role_id_seq', 3, true);


--
-- TOC entry 5143 (class 0 OID 0)
-- Dependencies: 223
-- Name: suppliers_supplier_id_seq; Type: SEQUENCE SET; Schema: public; Owner: postgres
--

SELECT pg_catalog.setval('public.suppliers_supplier_id_seq', 2, true);


--
-- TOC entry 5144 (class 0 OID 0)
-- Dependencies: 221
-- Name: users_user_id_seq; Type: SEQUENCE SET; Schema: public; Owner: postgres
--

SELECT pg_catalog.setval('public.users_user_id_seq', 10, true);


--
-- TOC entry 4928 (class 2606 OID 49226)
-- Name: categories categories_category_name_key; Type: CONSTRAINT; Schema: public; Owner: postgres
--

ALTER TABLE ONLY public.categories
    ADD CONSTRAINT categories_category_name_key UNIQUE (category_name);


--
-- TOC entry 4930 (class 2606 OID 49224)
-- Name: categories categories_pkey; Type: CONSTRAINT; Schema: public; Owner: postgres
--

ALTER TABLE ONLY public.categories
    ADD CONSTRAINT categories_pkey PRIMARY KEY (category_id);


--
-- TOC entry 4924 (class 2606 OID 49215)
-- Name: manufacturers manufacturers_manufacturer_name_key; Type: CONSTRAINT; Schema: public; Owner: postgres
--

ALTER TABLE ONLY public.manufacturers
    ADD CONSTRAINT manufacturers_manufacturer_name_key UNIQUE (manufacturer_name);


--
-- TOC entry 4926 (class 2606 OID 49213)
-- Name: manufacturers manufacturers_pkey; Type: CONSTRAINT; Schema: public; Owner: postgres
--

ALTER TABLE ONLY public.manufacturers
    ADD CONSTRAINT manufacturers_pkey PRIMARY KEY (manufacturer_id);


--
-- TOC entry 4944 (class 2606 OID 49313)
-- Name: order_products order_products_pkey; Type: CONSTRAINT; Schema: public; Owner: postgres
--

ALTER TABLE ONLY public.order_products
    ADD CONSTRAINT order_products_pkey PRIMARY KEY (order_product_id);


--
-- TOC entry 4938 (class 2606 OID 49281)
-- Name: order_statuses order_statuses_order_status_name_key; Type: CONSTRAINT; Schema: public; Owner: postgres
--

ALTER TABLE ONLY public.order_statuses
    ADD CONSTRAINT order_statuses_order_status_name_key UNIQUE (order_status_name);


--
-- TOC entry 4940 (class 2606 OID 49279)
-- Name: order_statuses order_statuses_pkey; Type: CONSTRAINT; Schema: public; Owner: postgres
--

ALTER TABLE ONLY public.order_statuses
    ADD CONSTRAINT order_statuses_pkey PRIMARY KEY (order_status_id);


--
-- TOC entry 4942 (class 2606 OID 49291)
-- Name: orders orders_pkey; Type: CONSTRAINT; Schema: public; Owner: postgres
--

ALTER TABLE ONLY public.orders
    ADD CONSTRAINT orders_pkey PRIMARY KEY (order_id);


--
-- TOC entry 4936 (class 2606 OID 49270)
-- Name: pickup_points pickup_points_pkey; Type: CONSTRAINT; Schema: public; Owner: postgres
--

ALTER TABLE ONLY public.pickup_points
    ADD CONSTRAINT pickup_points_pkey PRIMARY KEY (pickup_point_id);


--
-- TOC entry 4932 (class 2606 OID 49245)
-- Name: products products_article_key; Type: CONSTRAINT; Schema: public; Owner: postgres
--

ALTER TABLE ONLY public.products
    ADD CONSTRAINT products_article_key UNIQUE (article);


--
-- TOC entry 4934 (class 2606 OID 49243)
-- Name: products products_pkey; Type: CONSTRAINT; Schema: public; Owner: postgres
--

ALTER TABLE ONLY public.products
    ADD CONSTRAINT products_pkey PRIMARY KEY (product_id);


--
-- TOC entry 4912 (class 2606 OID 49172)
-- Name: roles roles_pkey; Type: CONSTRAINT; Schema: public; Owner: postgres
--

ALTER TABLE ONLY public.roles
    ADD CONSTRAINT roles_pkey PRIMARY KEY (role_id);


--
-- TOC entry 4914 (class 2606 OID 49193)
-- Name: roles roles_role_name_key; Type: CONSTRAINT; Schema: public; Owner: postgres
--

ALTER TABLE ONLY public.roles
    ADD CONSTRAINT roles_role_name_key UNIQUE (role_name);


--
-- TOC entry 4920 (class 2606 OID 49202)
-- Name: suppliers suppliers_pkey; Type: CONSTRAINT; Schema: public; Owner: postgres
--

ALTER TABLE ONLY public.suppliers
    ADD CONSTRAINT suppliers_pkey PRIMARY KEY (supplier_id);


--
-- TOC entry 4922 (class 2606 OID 49204)
-- Name: suppliers suppliers_supplier_name_key; Type: CONSTRAINT; Schema: public; Owner: postgres
--

ALTER TABLE ONLY public.suppliers
    ADD CONSTRAINT suppliers_supplier_name_key UNIQUE (supplier_name);


--
-- TOC entry 4916 (class 2606 OID 49186)
-- Name: users users_login_key; Type: CONSTRAINT; Schema: public; Owner: postgres
--

ALTER TABLE ONLY public.users
    ADD CONSTRAINT users_login_key UNIQUE (login);


--
-- TOC entry 4918 (class 2606 OID 49184)
-- Name: users users_pkey; Type: CONSTRAINT; Schema: public; Owner: postgres
--

ALTER TABLE ONLY public.users
    ADD CONSTRAINT users_pkey PRIMARY KEY (user_id);


--
-- TOC entry 4951 (class 2606 OID 49314)
-- Name: order_products order_products_order_id_fkey; Type: FK CONSTRAINT; Schema: public; Owner: postgres
--

ALTER TABLE ONLY public.order_products
    ADD CONSTRAINT order_products_order_id_fkey FOREIGN KEY (order_id) REFERENCES public.orders(order_id) ON DELETE CASCADE;


--
-- TOC entry 4952 (class 2606 OID 49319)
-- Name: order_products order_products_product_id_fkey; Type: FK CONSTRAINT; Schema: public; Owner: postgres
--

ALTER TABLE ONLY public.order_products
    ADD CONSTRAINT order_products_product_id_fkey FOREIGN KEY (product_id) REFERENCES public.products(product_id);


--
-- TOC entry 4949 (class 2606 OID 49297)
-- Name: orders orders_order_status_id_fkey; Type: FK CONSTRAINT; Schema: public; Owner: postgres
--

ALTER TABLE ONLY public.orders
    ADD CONSTRAINT orders_order_status_id_fkey FOREIGN KEY (order_status_id) REFERENCES public.order_statuses(order_status_id);


--
-- TOC entry 4950 (class 2606 OID 49292)
-- Name: orders orders_pickup_point_id_fkey; Type: FK CONSTRAINT; Schema: public; Owner: postgres
--

ALTER TABLE ONLY public.orders
    ADD CONSTRAINT orders_pickup_point_id_fkey FOREIGN KEY (pickup_point_id) REFERENCES public.pickup_points(pickup_point_id);


--
-- TOC entry 4946 (class 2606 OID 49256)
-- Name: products products_category_id_fkey; Type: FK CONSTRAINT; Schema: public; Owner: postgres
--

ALTER TABLE ONLY public.products
    ADD CONSTRAINT products_category_id_fkey FOREIGN KEY (category_id) REFERENCES public.categories(category_id);


--
-- TOC entry 4947 (class 2606 OID 49251)
-- Name: products products_manufacturer_id_fkey; Type: FK CONSTRAINT; Schema: public; Owner: postgres
--

ALTER TABLE ONLY public.products
    ADD CONSTRAINT products_manufacturer_id_fkey FOREIGN KEY (manufacturer_id) REFERENCES public.manufacturers(manufacturer_id);


--
-- TOC entry 4948 (class 2606 OID 49246)
-- Name: products products_supplier_id_fkey; Type: FK CONSTRAINT; Schema: public; Owner: postgres
--

ALTER TABLE ONLY public.products
    ADD CONSTRAINT products_supplier_id_fkey FOREIGN KEY (supplier_id) REFERENCES public.suppliers(supplier_id);


--
-- TOC entry 4945 (class 2606 OID 49187)
-- Name: users users_role_id_fkey; Type: FK CONSTRAINT; Schema: public; Owner: postgres
--

ALTER TABLE ONLY public.users
    ADD CONSTRAINT users_role_id_fkey FOREIGN KEY (role_id) REFERENCES public.roles(role_id);


-- Completed on 2026-05-26 20:49:39

--
-- PostgreSQL database dump complete
--

\unrestrict DwGSBhEHAfk70pfTgTvIE9lHfDej8vDdH9WlXxq5Sogqv4JHru5hafYYbP3yI67

